<?xml version="1.0"?>
<metacity_theme>
<info>
  <name>HoneyComb</name>
  <author>Ponury</author>
  <copyright>Distrubuted under MIT license</copyright>
  <date>May 2010</date>
  <description>A dark theme based on the Playstation theme by DAZ</description>
</info>

<!-- ::::::::::::::::::::::::::::::::::::::::::::::::::::::::::::::::: -->
<!--  DEFINE THE FRAME GEOMETRIES HERE -->
<!-- ::::::::::::::::::::::::::::::::::::::::::::::::::::::::::::::::: -->

<frame_geometry name="normal" rounded_top_left="false" rounded_top_right="false" rounded_bottom_left="false" rounded_bottom_right="false">
  <distance name="left_width" value="4"/>
  <distance name="right_width" value="4"/>
  <distance name="bottom_height" value="4"/>
  <distance name="left_titlebar_edge" value="8"/>
  <distance name="right_titlebar_edge" value="4"/>
  <distance name="button_width" value="20"/>
  <distance name="button_height" value="12"/>
  <border name="button_border" left="0" right="4" top="2" bottom="0"/>
  <distance name="title_vertical_pad" value="0"/>
  <border name="title_border" left="0" right="0" top="2" bottom="0"/>

</frame_geometry>


<!-- ::::::::::::::::::::::::::::::::::::::::::::::::::::::::::::::::: -->
<!-- Begin Defining Drawing Operations           -->
<!-- ::::::::::::::::::::::::::::::::::::::::::::::::::::::::::::::::: -->

<!-- First we define how to draw buttons For each button we specify
       draw_ops for the normal, prelight(hover), and pressed states.-->

<!-- The Menu Button -->
<draw_ops name="menu_button">
  <image filename="buttons.menu.png" x="0" y="0" width="0" height="0"/>
</draw_ops>

<draw_ops name="menu_button_prelight">
  <image filename="buttons.menu.hover.png" x="0" y="0" width="0" height="0"/>
</draw_ops>

<draw_ops name="menu_button_pressed">
  <image filename="buttons.menu.pressed.png" x="0" y="2" width="0" height="0"/>
</draw_ops>

<!-- The Minimize Button --> 
<draw_ops name="minimize_button">
  <image filename="buttons.minimize.png" x="0" y="2" width="object_width" height="object_height"/>
</draw_ops>

<draw_ops name="minimize_button_prelight">
  <image filename="buttons.minimize.hover.png" x="0" y="2" width="object_width" height="object_height"/>
</draw_ops>

<draw_ops name="minimize_button_pressed">
  <image filename="buttons.minimize.pressed.png" x="0" y="2" width="object_width" height="object_height"/>
</draw_ops>

<!-- The Maximize Button -->
<draw_ops name="maximize_button">
  <image filename="buttons.maximize.png" x="0" y="2" width="object_width" height="object_height"/>
</draw_ops>

<draw_ops name="maximize_button_prelight">
  <image filename="buttons.maximize.hover.png" x="0" y="2" width="object_width" height="object_height"/>
</draw_ops>

<draw_ops name="maximize_button_pressed">
  <image filename="buttons.maximize.pressed.png" x="0" y="2" width="object_width" height="object_height"/>
</draw_ops>

<!-- The Restore Button -->
<draw_ops name="restore_button">
  <image filename="buttons.restore.png" x="0" y="0" width="object_width" height="0"/>
</draw_ops>

<draw_ops name="restore_button_prelight">
  <image filename="buttons.restore.hover.png" x="0" y="0" width="object_width" height="0"/>
</draw_ops>

<draw_ops name="restore_button_pressed">
  <image filename="buttons.restore.pressed.png" x="0" y="2" width="object_width" height="0"/>
</draw_ops>

<!-- The Close Button -->
<draw_ops name="close_button">
  <image filename="buttons.close.png" x="0" y="2" width="object_width" height="object_height"/>
</draw_ops>

<draw_ops name="close_button_prelight">
  <image filename="buttons.close.hover.png" x="0" y="2" width="object_width" height="object_height"/>
</draw_ops>

<draw_ops name="close_button_pressed">
  <image filename="buttons.close.pressed.png" x="0" y="2" width="object_width" height="object_height"/>
</draw_ops>

<!-- :::::::::::::::::::::::::::::::::::::::::::::::::::::::::::::::::::::::::::::::: -->
<!-- Define Drawing Operations for the Window Frames -->
<!-- :::::::::::::::::::::::::::::::::::::::::::::::::::::::::::::::::::::::::::::::: -->

<!-- A draw_op that draws nothing -->
<draw_ops name="blank">
<!-- nothing -->
</draw_ops>

<draw_ops name="gradient_background">
    <gradient type="vertical" x="1" y="1" width="width-2" height="top_height/2">
        <color value="#080808"/>
	<color value="#080808"/>
    </gradient>
</draw_ops>

<!-- This draws the background for the windows. -->
<draw_ops name="background">
    <!-- This is the content border - dark black.-->
       <rectangle color="#080808" x="0" y="0" width="width" height="height" filled="true"/> 
    <!-- This makes a border around the whole window-->
<!--    <rectangle color="#5599dd" x="0" y="0" width="width-1" height="height-1" filled="false"/>    
    <rectangle color="#115599" x="1" y="1" width="width-3" height="height-3" filled="false"/>   
    
    -->
    <rectangle color="#001a33" x="0" y="0" width="width-1" height="height-1" filled="false"/>   
    <rectangle color="#486aad" x="0" y="0" width="width-1" height="height-1" filled="false"/>    
    <rectangle color="#4768ab" x="0" y="0" width="width-1" height="height-1" filled="false"/>    
    <rectangle color="#4667a8" x="0" y="0" width="width-1" height="height-1" filled="false"/>    
    <rectangle color="#4565a6" x="0" y="0" width="width-1" height="height-1" filled="false"/>    
</draw_ops>

<draw_ops name="background_shaded">
    <!-- First we draw a filled rectangle set to the window frame color (the light gray on the sides and bottom of the window).-->
    <rectangle color="gtk:bg[NORMAL]" x="0" y="0" width="width" height="height" filled="true"/>

    <!-- Now we draw the dark gray outline along the outer edge of the window. Note that, since the origin of the window 
	  (the upper left corner) is (x,y)=(0,0), the lower right corner is (x,y)=(width-1,height-1). -->
    <rectangle color="#556777" x="0" y="0" width="width-1" height="height-1" filled="false"/>
    

    <include name="gradient_background"/>
    
</draw_ops>

<!-- Now we set up draw_ops for drawing the title text in different window types -->


<draw_ops name="title_text_focused">
  <clip x="0" y="0" width="width" height="24"/>
  <title color="#556777"
         x="(width - title_width)" y="(height - title_height) / 2"/> 
</draw_ops>


<draw_ops name="title_text">
  <clip x="0" y="0" width="width" height="24"/>
  <title color="#cccccc"
         x="(width - title_width)" y="(height - title_height) / 2"/>
</draw_ops>


<!-- Set up draw_ops for drawing the actual title. These could be more involved,
       but right now we just include the draw_ops we just defined for drawing the 
       title text in the titlebar. -->

<draw_ops name="title_normal">
  <include name="title_text"/>
</draw_ops>

<draw_ops name="title_focused">
    <include name="title_text_focused"/>
</draw_ops>

<draw_ops name="title_utility">
  <include name="title_text"/>
</draw_ops>

<draw_ops name="title_utility_focused">
  <include name="title_text_focused"/>
</draw_ops>

<!-- ::::::::::::::::::::::::::::::::::::::::::::::::::::::::::::::::::::::::::::::::::::::::::::::::::: -->
<!--   Define how to use the draw_ops to draw the window frames.                                         -->
<!-- ::::::::::::::::::::::::::::::::::::::::::::::::::::::::::::::::::::::::::::::::::::::::::::::::::: -->

<!-- First we set up normal, focused windows. They use the normal window
       geometry. -->
<frame_style name="normal_focused" geometry="normal">
  <piece position="entire_background" draw_ops="background"/>
  <piece position="title" draw_ops="title_focused"/>

<!-- Use the button definitions we made earlier, telling metacity how to draw
       buttons in normal, prelight, and pressed states. Any undefined state defautls to the normal style. -->
  <button function="close" state="normal" draw_ops="close_button"/>
  <button function="close" state="prelight" draw_ops="close_button_prelight"/>
  <button function="close" state="pressed" draw_ops="close_button_pressed"/>
  <button function="minimize" state="normal" draw_ops="minimize_button"/>
  <button function="minimize" state="prelight" draw_ops="minimize_button_prelight"/>
  <button function="minimize" state="pressed" draw_ops="minimize_button_pressed"/>
  <button function="maximize" state="normal" draw_ops="maximize_button"/>
  <button function="maximize" state="prelight" draw_ops="maximize_button_prelight"/>
  <button function="maximize" state="pressed" draw_ops="maximize_button_pressed"/>
  <button function="menu" state="normal" draw_ops="menu_button"/>
  <button function="menu" state="prelight" draw_ops="menu_button_prelight"/>
  <button function="menu" state="pressed" draw_ops="menu_button_pressed"/>
</frame_style>

<!-- This sets up background (unfocused) windows. They are basically the same as the focused windows -->
<frame_style name="normal_unfocused" geometry="normal" parent="normal_focused">
</frame_style>

<!-- Frame style for a window that is "rolled up" (windowshade or shaded mode). -->
<frame_style name="shaded_focused" geometry="normal" parent="normal_focused">
    <piece position="entire_background" draw_ops="background_shaded"/>
    <piece position="title" draw_ops="title_focused"/>
</frame_style>
<frame_style name="shaded_unfocused" geometry="normal" parent="normal_unfocused">
    <piece position="entire_background" draw_ops="background_shaded"/>
    <piece position="title" draw_ops="title_normal"/>
</frame_style>



<frame_style name="maximized_focused" geometry="normal" parent="normal_focused">
  <button function="maximize" state="normal" draw_ops="restore_button"/>
  <button function="maximize" state="prelight" draw_ops="restore_button_prelight"/>
  <button function="maximize" state="pressed" draw_ops="restore_button_pressed"/>
</frame_style>

<frame_style name="maximized_unfocused" geometry="normal" parent="maximized_focused">
</frame_style>

<frame_style name="utility_unfocused" geometry="normal" parent="normal_unfocused">
  <piece position="title" draw_ops="title_utility"/>
</frame_style>

<frame_style name="utility_focused" geometry="normal" parent="normal_focused">
  <piece position="title" draw_ops="title_utility_focused"/>
</frame_style>

<frame_style name="border" geometry="normal" parent="normal_unfocused">
  <piece position="entire_background" draw_ops="background"/>
  <piece position="title" draw_ops="blank"/>
</frame_style>

<frame_style_set name="normal">
<frame focus="yes" state="normal" resize="both" style="normal_focused"/>
<frame focus="no" state="normal" resize="both" style="normal_unfocused"/>
<frame focus="yes" state="maximized" style="maximized_focused"/>
<frame focus="no" state="maximized" style="maximized_unfocused"/>
<frame focus="yes" state="shaded" style="shaded_focused"/>
<frame focus="no" state="shaded" style="shaded_unfocused"/>
<frame focus="yes" state="maximized_and_shaded" style="maximized_focused"/>
<frame focus="no" state="maximized_and_shaded" style="maximized_unfocused"/>
</frame_style_set>

<frame_style_set name="utility" parent="normal">
<frame focus="yes" state="normal" resize="both" style="utility_focused"/>
<frame focus="no" state="normal" resize="both" style="utility_unfocused"/>
<frame focus="yes" state="maximized" style="utility_focused"/>
<frame focus="no" state="maximized" style="utility_unfocused"/>
<frame focus="yes" state="shaded" style="utility_focused"/>
<frame focus="no" state="shaded" style="utility_unfocused"/>
<frame focus="yes" state="maximized_and_shaded" style="utility_focused"/>
<frame focus="no" state="maximized_and_shaded" style="utility_unfocused"/>
</frame_style_set>

<frame_style_set name="border" parent="normal">
<frame focus="yes" state="normal" resize="both" style="border"/>
<frame focus="no" state="normal" resize="both" style="border"/>
<frame focus="yes" state="maximized" style="utility_focused"/>
<frame focus="no" state="maximized" style="utility_unfocused"/>
<frame focus="yes" state="shaded" style="utility_focused"/>
<frame focus="no" state="shaded" style="utility_unfocused"/>
<frame focus="yes" state="maximized_and_shaded" style="utility_focused"/>
<frame focus="no" state="maximized_and_shaded" style="utility_unfocused"/>
</frame_style_set>

<window type="normal" style_set="normal"/>
<window type="dialog" style_set="normal"/>
<window type="modal_dialog" style_set="normal"/>
<window type="menu" style_set="normal"/>
<window type="utility" style_set="utility"/>
<window type="border" style_set="border"/>

<menu_icon function="close" state="normal" draw_ops="close_button"/>
<menu_icon function="maximize" state="normal" draw_ops="maximize_button"/>
<menu_icon function="unmaximize" state="normal" draw_ops="restore_button"/>
<menu_icon function="minimize" state="normal" draw_ops="minimize_button"/>

</metacity_theme>
